Teacher Zero,rafael.colton+teacher0@gmail.com,teacher,teacher0
Teacher One,rafael.colton+teacher1@gmail.com,teacher,teacher1
Teacher Two,rafael.colton+teacher2@gmail.com,teacher,teacher2
Teacher Three,rafael.colton+teacher3@gmail.com,teacher,teacher3
Teacher Four,rafael.colton+teacher4@gmail.com,teacher,teacher4
Teacher Five,rafael.colton+teacher5@gmail.com,teacher,teacher5
Teacher Six,rafael.colton+teacher6@gmail.com,teacher,teacher6
Teacher Seven,rafael.colton+teacher7@gmail.com,teacher,teacher7
Teacher Eight,rafael.colton+teacher8@gmail.com,teacher,teacher8
Teacher Nine,rafael.colton+teacher9@gmail.com,teacher,teacher9
Student Ten,rafael.colton+student10@gmail.com,student,student10
Student Eleven,rafael.colton+student11@gmail.com,student,student11
Student Twelve,rafael.colton+student12@gmail.com,student,student12
Student Thirteen,rafael.colton+student13@gmail.com,student,student13
Student Fourteen,rafael.colton+student14@gmail.com,student,student14
Student Fifteen,rafael.colton+student15@gmail.com,student,student15
Student Sixteen,rafael.colton+student16@gmail.com,student,student16
Student Seventeen,rafael.colton+student17@gmail.com,student,student17
Student Eighteen,rafael.colton+student18@gmail.com,student,student18
Student Nineteen,rafael.colton+student19@gmail.com,student,student19
Student Twenty,rafael.colton+student20@gmail.com,student,student20
Student Twenty-one,rafael.colton+student21@gmail.com,student,student21
Student Twenty-two,rafael.colton+student22@gmail.com,student,student22
Student Twenty-three,rafael.colton+student23@gmail.com,student,student23
Student Twenty-four,rafael.colton+student24@gmail.com,student,student24
Student Twenty-five,rafael.colton+student25@gmail.com,student,student25
Student Twenty-six,rafael.colton+student26@gmail.com,student,student26
Student Twenty-seven,rafael.colton+student27@gmail.com,student,student27
Student Twenty-eight,rafael.colton+student28@gmail.com,student,student28
Student Twenty-nine,rafael.colton+student29@gmail.com,student,student29
